tau,mse_0,mse_1,mse_2,mse_3,mse_4,mse_5,mse_6,mse_7,mse_8,mse_9,mse_10,mse_11,mse_12,mse_13,mse_14,mse_15,mse_16,mse_17,mse_18,mse_19,mse_20,mse_21,mse_22,mse_23,mse_24,mse_25,mse_26,mse_27,mse_28,mse_29
40,5.890072772140379e-05,5.883019506377923e-05,5.4440658537097805e-05,5.1833023294518526e-05,5.4721827733238817e-05,5.682772145044371e-05,5.49984919423809e-05,5.474464547170673e-05,5.4339732764958184e-05,5.167006996815567e-05,5.58788475696723e-05,5.461509495061291e-05,5.253489206464816e-05,5.2239833337672305e-05,5.102498892402958e-05,5.316184881814373e-05,5.698847459373925e-05,5.779771938031892e-05,5.780281027672905e-05,5.9365416208226214e-05,5.978166415560796e-05,5.8660093001835275e-05,5.9134510288887934e-05,6.157166960838229e-05,6.260304120348573e-05,6.136902093715246e-05,5.919272957361352e-05,5.498140911308128e-05,4.956225415476363e-05,4.897242407567754e-05
