tau,mse_0,mse_1,mse_2,mse_3,mse_4,mse_5,mse_6,mse_7,mse_8,mse_9,mse_10,mse_11,mse_12,mse_13,mse_14,mse_15,mse_16,mse_17,mse_18,mse_19,mse_20,mse_21,mse_22,mse_23,mse_24,mse_25,mse_26,mse_27,mse_28,mse_29
60,2.445059418345153e-05,2.589111066990699e-05,2.6288730618514707e-05,2.3794434159051713e-05,2.2535813921226597e-05,2.2487193398879797e-05,2.2707816982871096e-05,2.39008149372738e-05,2.626921995937575e-05,3.0488864325310187e-05,3.547095994913725e-05,3.693399197132001e-05,3.404690238130591e-05,3.0063742048077417e-05,2.626843437039673e-05,2.4567619295064585e-05,2.394543760624642e-05,2.482442948195105e-05,2.5331425148738096e-05,2.492252134297303e-05,2.5173129413589187e-05,2.6175764154063668e-05,2.6139525962193505e-05,2.5696231585329736e-05,2.5229928086663577e-05,2.5338898617676083e-05,2.4916250869727996e-05,2.3048320578287505e-05,2.073255430515064e-05,1.8732066238437315e-05
