{"MSEs for ZZFeatureMap": [0.04484735785333865, 0.07056913753069885, 0.11038061400580142, 0.1267051516522212, 0.175151482342666, 0.2077055816348558, 0.2246738618322023, 0.25265280818051905, 0.16513547645363594, 0.2944992952292911, 0.1646749350270145, 0.2739126640290777, 0.26256288988045046, 0.2821116910232285, 0.2488660234014069, 0.2210937401860041, 0.29217218653003035, 0.2690317194733736, 0.21704447271140356, 0.2779993874739964], "MSEs for CPMap": [0.01901019623525622, 0.06662690688542149, 0.08745573092628517, 0.10387660939446533, 0.15413013124354627, 0.2072428336796806, 0.24499900318225462, 0.2706851670173747, 0.15962388054462523, 0.33801155187501497, 0.16906511645819947, 0.18533975881561596, 0.1988444243060647, 0.30999203712925655, 0.2502027872014134, 0.2162727403794947, 0.30860972315546703, 0.25710164010860825, 0.23625443390280218, 0.26906015752073037]}