{"MSEs for ZZFeatureMap": [0.05781309149445779, 0.10803018672450952, 0.13737954825212695, 0.15685154778402247, 0.18330164396384496, 0.24529098724723522, 0.24997238846761557, 0.27569205971563393, 0.1617137467434088, 0.28792824649176824, 0.1564483424601682, 0.2974977868923122, 0.2875459534225837, 0.26012407461653364, 0.24007289642130417, 0.2163558225415631, 0.2856618807526539, 0.24504070049456436, 0.2065560227448002, 0.28704258280711603], "MSEs for CPMap": [0.04486701481152995, 0.09577498265553928, 0.12950984533744964, 0.12221618237493058, 0.17565357870560216, 0.2403765315725991, 0.2663885110455591, 0.28393760514700805, 0.1589874321571244, 0.3069215516935717, 0.15751481515062685, 0.2788874107007025, 0.27513156913750664, 0.2948322497332905, 0.24616474942943287, 0.214280254976725, 0.290802645445606, 0.24647518415129208, 0.20585000161206748, 0.27420370813946915]}