{"MSEs for ZZFeatureMap": [0.010126338765181883, 0.019959972569765946, 0.035914590636232965, 0.09450617418618064, 0.1630304821690889, 0.07197100409653333, 0.10190773459922887, 0.17722866014258795, 0.1706912230766332, 0.31365167979165354, 0.17753803107975166, 0.13624718491658483, 0.17317312995069822, 0.3267187339452314, 0.29672138076921434, 0.26592380847171937, 0.35614562818443035, 0.2969383419394086, 0.25638098410380517, 0.4106691875813539], "MSEs for CPMap": [0.012762672716843861, 0.009304923585726632, 0.0476010795650132, 0.06460028970747023, 0.10219041674104293, 0.03992757778890537, 0.08494635297827344, 0.1933998208839388, 0.21047690543048583, 0.4573780374993345, 0.2039263671339944, 0.1096816324202776, 0.11403574760809819, 0.45915748102095255, 0.3167924593056104, 0.28647704348051733, 0.34304798183058954, 0.29839073877433175, 0.28026977800326314, 0.35173421311609854]}