{"MSEs for ZZFeatureMap": [0.008101452136067508, 0.014647915202529262, 0.029509532518657414, 0.09896306117768165, 0.20931019231625075, 0.0821678413798959, 0.1677921768685017, 0.24957405646667621, 0.25192757966671114, 0.42350408727190464, 0.267156859783605, 0.16113223076585603, 0.2274141586377157, 0.4458622376964891, 0.4358696281275157, 0.47120788940785835, 0.48677646034527583, 0.4541740001219123, 0.5185744627177044, 0.4390689087695902], "MSEs for CPMap": [0.016855429347921235, 0.008890016398132247, 0.06442150773325274, 0.0546431411108603, 0.08856332862123674, 0.05209310261027378, 0.13561295945726062, 0.19980468419368547, 0.17131156165028857, 0.4074082877338793, 0.1902643270006164, 0.12450579337319513, 0.13979715269956616, 0.392776252411744, 0.2621471376905465, 0.24816931210533627, 0.3268355441101526, 0.2977838500650495, 0.25083254602151434, 0.3002662982606531]}