{"MSEs for ZZFeatureMap": [0.014746035414112072, 0.036752668844924286, 0.05287002426594795, 0.1143504071180146, 0.15521404739879777, 0.08707957535512066, 0.11790287210107445, 0.19069337904001643, 0.15915840915865856, 0.28704685187412726, 0.1624972301171361, 0.15551362735339172, 0.1807550813376654, 0.28334710331155954, 0.2542371320766683, 0.22303551369459332, 0.3482294251456075, 0.2655460816567871, 0.21763262113623388, 0.2831330695179933], "MSEs for CPMap": [0.011692018520371142, 0.009727572292546213, 0.051979857397255524, 0.08813741271967744, 0.11981771696867044, 0.03733249383063156, 0.1013724382600001, 0.18528268501559905, 0.2922069571641914, 0.5475183335694751, 0.3257088568220467, 0.13915912066315897, 0.14503042787117779, 0.5124927039960614, 0.4300094250755557, 0.4317980246109723, 0.4342113487426113, 0.4498343251999607, 0.38709515986116255, 0.4397288927260844]}