{"MSEs for ZZFeatureMap": [0.016708994194040105, 0.04658465419222632, 0.07653787300922855, 0.13897823325331554, 0.31442673778543173, 0.21819619160108958, 0.26064716282906597, 0.35022752839457166, 0.4105516333293495, 0.5463253306201606, 0.3805415689786556, 0.3310549494366464, 0.3351931237076112, 0.6061055956680488, 0.48046650727038753, 0.42827812787535974, 0.6072684371057283, 0.6751650267146724, 0.6568068403983225, 0.8107087640397398], "MSEs for CPMap": [0.0072808981029118475, 0.027361558307132734, 0.07921791579198383, 0.07807196024463628, 0.12571159313524052, 0.12840262660952467, 0.19788876067062644, 0.23608064847969779, 0.16790840712734464, 0.35032321202993044, 0.16528420448386894, 0.13790327872645236, 0.16170098255802373, 0.361088224246155, 0.24709719627305785, 0.23703643722888887, 0.29922683168391734, 0.2667656975657935, 0.24408164753831818, 0.28679529637635515]}