{"MSEs for ZZFeatureMap": [0.021450902813877886, 0.040618858819384235, 0.07168362163102779, 0.10788527054594416, 0.18102573299271107, 0.176174847564382, 0.2199753259457128, 0.24442237013413126, 0.17504376078155645, 0.3168155046651199, 0.20865051228793308, 0.2429243544276147, 0.21858975803957223, 0.3297023660092956, 0.2928519446272865, 0.23656676088877462, 0.33095536360586053, 0.27587663627054326, 0.2538968989069169, 0.2968430051499625], "MSEs for CPMap": [0.008221624543180771, 0.060880247862028766, 0.13019896906607487, 0.09308648237886834, 0.12977898915861966, 0.18365104665045742, 0.24939200160546926, 0.2713914242815715, 0.16156274951056654, 0.3379778229324271, 0.15802342410872858, 0.19134538825575673, 0.20296352178727317, 0.3584435490118363, 0.24687567490441176, 0.22567941915011416, 0.2962499186423516, 0.27535701655931677, 0.22660268186890703, 0.28034591964727035]}