{"5": [6.522844946076706, 6.501860812861624, 6.481345076431281, 6.462601362891098, 6.445620128993305, 6.430445485164311, 6.416498881036244, 6.404745734199448, 6.394273536733653, 6.384154638316199, 6.374793651318825, 6.365343732776765, 6.356359668486294, 6.3469697911686795, 6.346422537216216, 6.344556208922722, 6.342477358731456, 6.340535570270221, 6.335351113080505, 6.331394400148508], "10": [6.675644165404141, 6.659925197478337, 6.647479588636582, 6.638704814535278, 6.631892204055947, 6.627616108392123, 6.625175979601153, 6.624968793708234, 6.625287493539424, 6.626016568614831, 6.628737052997936, 6.631103195835677, 6.635278018063355, 6.638776775694444, 6.644315141003134, 6.6491838809867385, 6.654783136400862, 6.660604984295144, 6.665903857344553, 6.671243675562442], "15": [8.18308994012244, 8.174040823121508, 8.165461738747698, 8.156828199068855, 8.14855938760757, 8.140854886840525, 8.133235852150936, 8.125526467740087, 8.118321934731748, 8.111692060475951, 8.105200676937221, 8.099042242765202, 8.093494744696011, 8.0885583676387, 8.086992248221232, 8.085792688198186, 8.084627188106694, 8.083654190278322, 8.082435443412326, 8.081462048261823], "20": [8.964177598473068, 8.961799248616597, 8.959699839885623, 8.957600018128899, 8.95563951655197, 8.953678629873544, 8.951909871588903, 8.950280542388876, 8.948650894762748, 8.947073696681343, 8.945775826403585, 8.944530483184588, 8.943284898886297, 8.942178933642705, 8.942191749939457, 8.942064690572172, 8.941937615743132, 8.941810525448677, 8.941543488892675, 8.941556298448917], "25": [9.167194467058106, 9.166950426185466, 9.166706346280685, 9.166462227332982, 9.166218069331581, 9.165973872265694, 9.16572963612453, 9.165485360897295, 9.165241046573183, 9.1649966931414, 9.164752300591132, 9.164507868911578, 9.164403244189064, 9.164438468739082, 9.164333836259118, 9.164229192844036, 9.16412453849156, 9.1640198731994, 9.163915196965279, 9.163810509786913], "30": [9.181336082025028, 9.18109346614382, 9.18085081151768, 9.180468398889683, 9.180225652658422, 9.179982867647304, 9.17974004384563, 9.179497181242684, 9.179254279827754, 9.179011339590128, 9.178768360519078, 9.178665174595126, 9.178561978028135, 9.178458770815917, 9.17849542727382, 9.17853210131102, 9.178428890384568, 9.178325668809798, 9.17822243658452, 9.17811919370654], "35": [9.160661153308403, 9.16027676301266, 9.159892305397078, 9.159507780442318, 9.159123188129055, 9.158738528437933, 9.1583538013496, 9.1581087824407, 9.158003513975482, 9.157898234447343, 9.157792943853948, 9.157687642192993, 9.157582329462135, 9.15747700565906, 9.15751154509899, 9.157406213258966, 9.157300870342599, 9.157195516347558, 9.157090151271523, 9.156984775112166], "40": [9.202812105555394, 9.202711344811695, 9.202610573914244, 9.202509792860994, 9.202409001649901, 9.202308200278917, 9.202207388745993, 9.202106567049078, 9.202005735186123, 9.201904893155081, 9.201804040953892, 9.20170317858052, 9.201602306032894, 9.201501423308974, 9.20140053040671, 9.201299627324033, 9.201198714058899, 9.201097790609246, 9.200996856973028, 9.200895913148186], "45": [9.202812105555394, 9.202711344811695, 9.202610573914244, 9.202509792860994, 9.202409001649901, 9.202308200278917, 9.202207388745993, 9.202106567049078, 9.202005735186123, 9.201904893155081, 9.201804040953892, 9.20170317858052, 9.201602306032894, 9.201501423308974, 9.20140053040671, 9.201299627324033, 9.201198714058899, 9.201097790609246, 9.200996856973028, 9.200895913148186], "50": [9.202812105555394, 9.202711344811695, 9.202610573914244, 9.202509792860994, 9.202409001649901, 9.202308200278917, 9.202207388745993, 9.202106567049078, 9.202005735186123, 9.201904893155081, 9.201804040953892, 9.20170317858052, 9.201602306032894, 9.201501423308974, 9.20140053040671, 9.201299627324033, 9.201198714058899, 9.201097790609246, 9.200996856973028, 9.200895913148186]}