{"5": [6.6569920872098285, 6.635882711532328, 6.616711166704382, 6.598669020826513, 6.58201502506682, 6.565949416932776, 6.550525153184202, 6.536076710364489, 6.521941508347032, 6.508111212724815, 6.494259502631772, 6.480343408928864, 6.466664188145007, 6.453338071664826, 6.442007452401363, 6.430490626888686, 6.419586860198906, 6.408851827683847, 6.400044791041338, 6.399312508906126], "10": [6.8470239681123815, 6.832641449442097, 6.820356235117894, 6.810624280606569, 6.801957358269371, 6.795200250155702, 6.789747821913518, 6.7859300742627955, 6.782088123624645, 6.780462730504334, 6.781064200983831, 6.78123113696668, 6.78241476883237, 6.784078194962545, 6.785538275042573, 6.786313867017023, 6.787253299168871, 6.789094707915644, 6.790913016139605, 6.794360524196806], "15": [8.38273316958686, 8.375958594457638, 8.369601990164242, 8.363803272838949, 8.35838853982306, 8.353165316024112, 8.348220712674221, 8.343107980674587, 8.338280931242032, 8.334503342563263, 8.33091769013328, 8.327035932631913, 8.323818689778847, 8.321126232008421, 8.318573185744592, 8.31672235762298, 8.314871165941486, 8.3131067605675, 8.311009163444654, 8.310688236141226], "20": [9.019250220407773, 9.017488072828904, 9.015865355667717, 9.014242321413906, 9.0126717380387, 9.01124066591326, 9.009862093975118, 9.008483254078085, 9.007244006348019, 9.006004518722122, 9.004764791128785, 9.003524823496393, 9.00228461575329, 9.0010441678278, 8.999943424566554, 8.99912238733101, 8.998301194490127, 8.99747984599778, 8.996658341807853, 8.996956806597856], "25": [9.177433160331404, 9.177190079476867, 9.176946959769225, 9.17670380119775, 9.17646060375171, 9.176217367420364, 9.17597409219298, 9.175870624155959, 9.175767145418936, 9.175663655979703, 9.175560155836035, 9.175456644985728, 9.17535312342656, 9.175249591156327, 9.175146048172811, 9.175042494473784, 9.174938930057046, 9.174835354920367, 9.174731769061534, 9.174628172478334], "30": [9.188227965157997, 9.187846211094842, 9.187604165810637, 9.187362081879275, 9.187119959290104, 9.186877798032437, 9.18677543008685, 9.186673051663256, 9.186570662759516, 9.18646826337349, 9.18636585350302, 9.186263433145967, 9.18616100230018, 9.186058560963517, 9.185956109133826, 9.18585364680895, 9.185751173986752, 9.185648690665074, 9.185546196841763, 9.185443692514674], "35": [9.18246406728708, 9.182221493631552, 9.181978881225197, 9.181736230057314, 9.181493540117213, 9.181250811394172, 9.1810080438775, 9.180765237556463, 9.180522392420356, 9.180279508458462, 9.180036585660034, 9.17979362401436, 9.179690540180165, 9.179587445723271, 9.179484340641489, 9.179381224932612, 9.179278098594477, 9.179174961624874, 9.179071814021615, 9.178968655782517], "40": [9.202308200278917, 9.202207388745993, 9.202106567049078, 9.202005735186123, 9.201904893155081, 9.201804040953892, 9.20170317858052, 9.201602306032894, 9.201501423308974, 9.20140053040671, 9.201299627324033, 9.201198714058899, 9.201097790609246, 9.200996856973028, 9.200895913148186, 9.200794959132647, 9.200693994924379, 9.200593020521302, 9.200492035921368, 9.200391041122518], "45": [9.202308200278917, 9.202207388745993, 9.202106567049078, 9.202005735186123, 9.201904893155081, 9.201804040953892, 9.20170317858052, 9.201602306032894, 9.201501423308974, 9.20140053040671, 9.201299627324033, 9.201198714058899, 9.201097790609246, 9.200996856973028, 9.200895913148186, 9.200794959132647, 9.200693994924379, 9.200593020521302, 9.200492035921368, 9.200391041122518], "50": [9.202308200278917, 9.202207388745993, 9.202106567049078, 9.202005735186123, 9.201904893155081, 9.201804040953892, 9.20170317858052, 9.201602306032894, 9.201501423308974, 9.20140053040671, 9.201299627324033, 9.201198714058899, 9.201097790609246, 9.200996856973028, 9.200895913148186, 9.200794959132647, 9.200693994924379, 9.200593020521302, 9.200492035921368, 9.200391041122518]}